,normal,crowd,hlight,shadow,noline,arrow,curve,cross,night
basic_lane_transformer,0.05517432223210523,0.05314767650972334,0.04830716295223358,0.05109901430873932,0.05507004623442895,0.05560533681909508,0.04920860999035225,0.0,0.04703396236245002
